TRADEDATE,IMOEX,MOEX10
2014-06-09,1485.39,3302.46
2014-06-10,1490.81,3300.14
2014-06-11,1501.18,3326.47
2014-06-16,1493.93,3287.95
2014-06-17,1486.38,3264.44
2014-06-18,1494.28,3285.89
2014-06-19,1495.09,3281.93
2014-06-20,1486.3,3276.46
2014-06-23,1486.3,3281.91
2014-06-24,1518.83,3335.59
2014-06-25,1481.95,3266.71
2014-06-26,1473.18,3249.6
2014-06-27,1477.32,3248.15
2014-06-30,1476.38,3234.61
2014-07-01,1482.92,3242.76
2014-07-02,1514.33,3304.31
2014-07-03,1514.47,3310.85
2014-07-04,1489.53,3243.39
2014-07-07,1513.72,3309.48
2014-07-08,1516.75,3302.11
2014-07-09,1513.38,3298.97
2014-07-10,1494.92,3259.02
2014-07-11,1499.82,3283.82
2014-07-14,1483.41,3254.12
2014-07-15,1475.77,3250.98
2014-07-16,1474.72,3236.96
2014-07-17,1440.63,3159.06
2014-07-18,1422.53,3119.18
2014-07-21,1384.5,3036.83
2014-07-22,1405.97,3077.55
2014-07-23,1406.58,3073.75
2014-07-24,1408.8,3075.41
2014-07-25,1388.41,3031.48
2014-07-28,1361.94,2978.67
2014-07-29,1369.83,2993.39
2014-07-30,1382.14,3011.94
2014-07-31,1379.61,3000.17
2014-08-01,1374.83,3000.52
2014-08-04,1378.98,3009.07
2014-08-05,1357.89,2973.81
2014-08-06,1334.66,2894.0
2014-08-07,1333.53,2886.57
2014-08-08,1348.21,2920.62
2014-08-11,1372.45,2987.06
2014-08-12,1374.19,2976.56
2014-08-13,1398.85,3019.67
2014-08-14,1407.53,3045.45
2014-08-15,1417.82,3068.88
2014-08-18,1425.18,3070.63
2014-08-19,1437.6,3098.14
2014-08-20,1447.5,3117.27
2014-08-21,1461.75,3153.23
2014-08-22,1446.6,3119.11
2014-08-25,1454.67,3143.26
2014-08-26,1443.32,3119.25
2014-08-27,1447.91,3127.81
2014-08-28,1423.78,3058.79
2014-08-29,1400.71,3022.12
2014-09-01,1392.4,3002.38
2014-09-02,1400.35,3016.05
2014-09-03,1449.29,3140.44
2014-09-04,1457.34,3165.32
2014-09-05,1474.71,3217.17
2014-09-08,1464.76,3185.08
2014-09-09,1468.17,3201.65
2014-09-10,1468.55,3187.85
2014-09-11,1449.63,3158.73
2014-09-12,1458.52,3171.14
2014-09-15,1454.19,3158.16
2014-09-16,1477.31,3225.7
2014-09-17,1449.37,3170.88
2014-09-18,1448.63,3160.04
2014-09-19,1431.58,3117.77
2014-09-22,1412.83,3079.12
2014-09-23,1429.45,3118.66
2014-09-24,1441.83,3146.64
2014-09-25,1436.05,3141.59
2014-09-26,1434.2,3141.43
2014-09-29,1408.28,3095.35
2014-09-30,1411.07,3110.64
2014-10-01,1399.99,3077.75
2014-10-02,1376.35,3030.54
2014-10-03,1384.66,3028.18
2014-10-06,1418.15,3099.29
2014-10-07,1403.48,3063.17
2014-10-08,1379.76,3006.62
2014-10-09,1384.33,3014.98
2014-10-10,1364.24,2980.5
2014-10-13,1383.93,3009.95
2014-10-14,1394.16,3028.08
2014-10-15,1377.09,2998.44
2014-10-16,1360.33,2964.84
2014-10-17,1384.72,3017.55
2014-10-20,1376.36,3001.45
2014-10-21,1383.35,3039.9
2014-10-22,1383.35,3022.19
2014-10-23,1372.92,3014.79
2014-10-24,1380.39,3033.22
2014-10-27,1394.27,3059.08
2014-10-28,1415.51,3112.02
2014-10-29,1439.58,3155.8
2014-10-30,1452.89,3177.03
2014-10-31,1488.47,3240.4
2014-11-03,1491.19,3262.37
2014-11-05,1495.26,3259.38
2014-11-06,1497.46,3264.65
2014-11-07,1497.11,3275.41
2014-11-10,1515.36,3324.17
2014-11-11,1514.78,3320.48
2014-11-12,1513.83,3324.97
2014-11-13,1492.27,3273.95
2014-11-14,1500.76,3270.45
2014-11-17,1507.1,3278.36
2014-11-18,1519.61,3320.06
2014-11-19,1517.97,3335.06
2014-11-20,1530.4,3358.6
2014-11-21,1538.93,3376.11
2014-11-24,1529.54,3361.74
2014-11-25,1529.57,3364.89
2014-11-26,1537.43,3382.02
2014-11-27,1531.69,3365.61
2014-11-28,1533.68,3362.93
2014-12-01,1578.38,3453.76
2014-12-02,1583.12,3485.22
2014-12-03,1606.84,3508.71
2014-12-04,1582.08,3494.02
2014-12-05,1529.2,3383.67
2014-12-08,1481.27,3290.02
2014-12-09,1475.22,3288.34
2014-12-10,1486.85,3304.8
2014-12-11,1455.04,3251.29
2014-12-12,1459.68,3244.7
2014-12-15,1424.99,3130.84
2014-12-16,1444.32,3099.3
2014-12-17,1413.79,3037.23
2014-12-18,1477.27,3169.03
2014-12-19,1449.13,3099.96
2014-12-22,1437.08,3126.03
2014-12-23,1398.2,3053.9
2014-12-24,1401.5,3072.93
2014-12-25,1408.54,3117.88
2014-12-26,1417.8,3121.85
2014-12-29,1432.94,3129.08
2014-12-30,1396.61,3039.96
2015-01-05,1435.66,3110.36
2015-01-06,1480.73,3192.26
2015-01-08,1547.39,3375.77
2015-01-09,1515.37,3332.8
2015-01-12,1513.22,3293.74
2015-01-13,1533.09,3322.23
2015-01-14,1554.46,3356.97
2015-01-15,1563.21,3396.45
2015-01-16,1591.43,3469.18
2015-01-19,1576.4,3448.97
2015-01-20,1570.97,3439.79
2015-01-21,1618.17,3545.6
2015-01-22,1666.56,3656.02
2015-01-23,1671.8,3672.47
2015-01-26,1642.37,3586.54
2015-01-27,1673.92,3653.9
2015-01-28,1647.71,3594.91
2015-01-29,1639.65,3607.76
2015-01-30,1647.69,3610.7
2015-02-02,1625.31,3593.38
2015-02-03,1654.36,3648.78
2015-02-04,1656.02,3608.82
2015-02-05,1696.06,3709.95
2015-02-06,1755.45,3829.29
2015-02-09,1748.55,3834.04
2015-02-10,1742.35,3811.58
2015-02-11,1763.6,3875.16
2015-02-12,1802.8,3966.3
2015-02-13,1838.18,4071.78
2015-02-16,1800.59,3997.73
2015-02-17,1793.82,3976.95
2015-02-18,1809.67,4014.42
2015-02-19,1797.87,3955.96
2015-02-20,1792.7,3965.46
2015-02-24,1772.16,3913.77
2015-02-25,1746.23,3872.15
2015-02-26,1760.66,3931.35
2015-02-27,1758.97,3931.82
2015-03-02,1783.34,3964.47
2015-03-03,1807.7,4033.78
2015-03-04,1759.35,3911.88
2015-03-05,1760.55,3925.42
2015-03-06,1728.55,3871.22
2015-03-10,1665.38,3725.82
2015-03-11,1671.47,3707.55
2015-03-12,1664.7,3703.85
2015-03-13,1627.88,3622.33
2015-03-16,1609.85,3565.89
2015-03-17,1611.69,3562.33
2015-03-18,1632.12,3622.73
2015-03-19,1607.97,3572.2
2015-03-20,1628.64,3683.53
2015-03-23,1602.85,3613.55
2015-03-24,1618.62,3648.58
2015-03-25,1615.5,3660.51
2015-03-26,1581.84,3585.34
2015-03-27,1571.55,3555.85
2015-03-30,1612.84,3652.04
2015-03-31,1626.18,3673.15
2015-04-01,1661.9,3762.84
2015-04-02,1679.24,3823.44
2015-04-03,1681.47,3822.2
2015-04-06,1700.64,3874.38
2015-04-07,1695.64,3852.85
2015-04-08,1683.63,3823.75
2015-04-09,1667.6,3829.07
2015-04-10,1657.02,3798.39
2015-04-13,1678.19,3840.91
2015-04-14,1647.39,3768.65
2015-04-15,1677.7,3837.48
2015-04-16,1686.79,3845.6
2015-04-17,1656.59,3757.32
2015-04-20,1683.24,3786.73
2015-04-21,1710.24,3841.68
2015-04-22,1677.56,3770.11
2015-04-23,1662.64,3751.03
2015-04-24,1682.7,3803.03
2015-04-27,1677.22,3793.9
2015-04-28,1677.89,3783.61
2015-04-29,1670.99,3798.81
2015-04-30,1688.34,3825.35
2015-05-05,1721.8,3914.92
2015-05-06,1714.31,3907.85
2015-05-07,1686.98,3850.03
2015-05-08,1708.52,3868.0
2015-05-12,1704.62,3813.96
2015-05-13,1682.26,3789.63
2015-05-14,1677.57,3781.23
2015-05-15,1691.46,3822.75
2015-05-18,1678.55,3821.61
2015-05-19,1659.36,3768.34
2015-05-20,1636.86,3718.81
2015-05-21,1659.33,3790.36
2015-05-22,1665.66,3791.64
2015-05-25,1655.4,3768.37
2015-05-26,1651.66,3759.76
2015-05-27,1660.98,3752.9
2015-05-28,1657.62,3759.88
2015-05-29,1609.19,3677.47
2015-06-01,1616.94,3685.13
2015-06-02,1643.41,3741.98
2015-06-03,1628.87,3710.36
2015-06-04,1638.07,3702.82
2015-06-05,1652.07,3726.68
2015-06-08,1646.89,3715.25
2015-06-09,1664.01,3739.38
2015-06-10,1653.09,3734.43
2015-06-11,1652.24,3745.14
2015-06-15,1657.29,3771.3
2015-06-16,1668.82,3827.87
2015-06-17,1664.66,3809.73
2015-06-18,1660.14,3796.59
2015-06-19,1663.03,3802.68
2015-06-22,1663.03,3824.69
2015-06-23,1657.23,3789.59
2015-06-24,1651.85,3781.33
2015-06-25,1631.99,3759.03
2015-06-26,1644.45,3748.4
2015-06-29,1634.93,3712.43
2015-06-30,1654.55,3747.88
2015-07-01,1639.7,3712.91
2015-07-02,1641.05,3729.7
2015-07-03,1631.65,3701.74
2015-07-06,1621.27,3655.11
2015-07-07,1614.14,3634.91
2015-07-08,1595.0,3585.41
2015-07-09,1614.59,3633.95
2015-07-10,1623.99,3663.41
2015-07-13,1642.97,3710.42
2015-07-14,1647.01,3703.86
2015-07-15,1641.22,3659.11
2015-07-16,1652.59,3702.18
2015-07-17,1650.08,3695.13
2015-07-20,1626.76,3638.14
2015-07-21,1635.69,3671.06
2015-07-22,1635.63,3667.99
2015-07-23,1616.14,3626.16
2015-07-24,1595.61,3564.28
2015-07-27,1584.92,3539.49
2015-07-28,1604.5,3591.85
2015-07-29,1622.32,3648.43
2015-07-30,1636.72,3684.56
2015-07-31,1669.0,3748.71
2015-08-03,1663.74,3731.4
2015-08-04,1674.46,3749.72
2015-08-05,1693.07,3800.54
2015-08-06,1675.71,3761.38
2015-08-07,1690.44,3790.23
2015-08-10,1702.02,3821.49
2015-08-11,1697.87,3795.15
2015-08-12,1697.65,3792.44
2015-08-13,1704.11,3803.41
2015-08-14,1712.47,3848.07
2015-08-17,1707.95,3831.59
2015-08-18,1691.24,3797.76
2015-08-19,1673.86,3731.91
2015-08-20,1695.57,3773.23
2015-08-21,1663.31,3718.35
2015-08-24,1634.14,3631.41
2015-08-25,1658.13,3716.59
2015-08-26,1660.95,3733.56
2015-08-27,1695.22,3813.75
2015-08-28,1719.16,3874.73
2015-08-31,1733.17,3853.76
2015-09-01,1697.99,3790.38
2015-09-02,1690.82,3797.94
2015-09-03,1710.57,3837.14
2015-09-04,1698.16,3811.06
2015-09-07,1701.18,3824.38
2015-09-08,1714.18,3855.55
2015-09-09,1722.43,3875.32
2015-09-10,1718.9,3847.12
2015-09-11,1718.06,3831.54
2015-09-14,1729.75,3868.4
2015-09-15,1716.26,3854.79
2015-09-16,1731.81,3910.5
2015-09-17,1729.2,3904.95
2015-09-18,1710.84,3900.77
2015-09-21,1699.72,3855.87
2015-09-22,1664.25,3768.49
2015-09-23,1640.7,3719.7
2015-09-24,1621.43,3666.23
2015-09-25,1639.64,3720.19
2015-09-28,1616.36,3679.97
2015-09-29,1630.51,3707.77
2015-09-30,1630.51,3716.04
2015-10-01,1626.97,3697.76
2015-10-02,1612.56,3664.31
2015-10-05,1652.47,3769.88
2015-10-06,1670.69,3769.88
2015-10-07,1679.49,3832.47
2015-10-08,1689.32,3868.69
2015-10-09,1728.44,3971.71
2015-10-12,1710.6,3920.78
2015-10-13,1720.81,3946.45
2015-10-14,1723.01,3955.79
2015-10-15,1731.91,3977.76
2015-10-16,1717.0,3934.86
2015-10-19,1716.08,3951.15
2015-10-20,1722.62,3970.37
2015-10-21,1709.94,3950.74
2015-10-22,1712.1,3953.15
2015-10-23,1725.45,3978.31
2015-10-26,1712.13,3936.39
2015-10-27,1725.89,3949.55
2015-10-28,1726.61,3972.65
2015-10-29,1708.6,3950.69
2015-10-30,1711.53,3974.84
2015-11-02,1735.75,4029.57
2015-11-03,1735.75,4086.16
2015-11-05,1766.28,4084.48
2015-11-06,1754.36,4047.59
2015-11-09,1751.44,4042.16
2015-11-10,1746.94,4025.21
2015-11-11,1740.56,4001.28
2015-11-12,1739.96,4016.37
2015-11-13,1728.17,3998.93
2015-11-16,1739.8,4014.57
2015-11-17,1787.23,4086.22
2015-11-18,1810.48,4145.44
2015-11-19,1811.2,4111.24
2015-11-20,1826.72,4122.95
2015-11-23,1868.07,4213.47
2015-11-24,1810.05,4093.27
2015-11-25,1833.53,4171.32
2015-11-26,1828.3,4155.08
2015-11-27,1795.7,4078.01
2015-11-30,1771.05,4022.61
2015-12-01,1772.97,4024.32
2015-12-02,1770.13,4030.26
2015-12-03,1770.13,4064.63
2015-12-04,1755.22,3988.04
2015-12-07,1741.14,3954.5
2015-12-08,1718.77,3923.94
2015-12-09,1733.09,3935.64
2015-12-10,1732.89,3906.71
2015-12-11,1720.31,3872.32
2015-12-14,1708.7,3850.11
2015-12-15,1742.46,3901.91
2015-12-16,1754.71,3930.9
2015-12-17,1780.97,3988.51
2015-12-18,1780.97,3877.78
2015-12-21,1716.91,3856.92
2015-12-22,1723.35,3895.34
2015-12-23,1747.85,3942.33
2015-12-24,1742.71,3917.37
2015-12-25,1734.21,3898.53
2015-12-28,1731.2,3876.99
2015-12-29,1763.38,3943.91
2015-12-30,1761.36,3960.47
2016-01-04,1734.56,3909.7
2016-01-05,1754.13,3909.7
2016-01-06,1748.57,3918.66
2016-01-11,1682.54,3764.82
2016-01-12,1690.3,3771.1
2016-01-13,1684.78,3746.85
2016-01-14,1680.77,3730.11
2016-01-15,1608.36,3576.5
2016-01-18,1622.43,3612.97
2016-01-19,1645.56,3668.87
2016-01-20,1630.39,3622.94
2016-01-21,1677.19,3714.91
2016-01-22,1717.98,3824.09
2016-01-25,1716.56,3804.06
2016-01-26,1705.01,3773.32
2016-01-27,1747.57,3869.29
2016-01-28,1771.93,3909.76
2016-01-29,1784.92,3963.4
2016-02-01,1773.21,3942.84
2016-02-02,1758.26,3898.15
2016-02-03,1746.35,3889.99
2016-02-04,1787.93,3947.19
2016-02-05,1780.59,3941.51
2016-02-08,1744.27,3854.47
2016-02-09,1723.36,3788.84
2016-02-10,1730.83,3808.24
2016-02-11,1711.58,3751.38
2016-02-12,1726.04,3774.78
2016-02-15,1738.54,3802.9
2016-02-16,1753.86,3842.61
2016-02-17,1770.31,3887.95
2016-02-18,1807.21,3963.94
2016-02-19,1793.37,3924.8
2016-02-20,1793.37,3924.8
2016-02-22,1822.38,3987.84
2016-02-24,1797.27,3940.81
2016-02-25,1803.89,3977.35
2016-02-26,1816.73,4027.23
2016-02-29,1840.17,4084.24
2016-03-01,1844.17,4087.06
2016-03-02,1832.84,4052.34
2016-03-03,1858.69,4105.09
2016-03-04,1878.29,4161.93
2016-03-07,1909.57,4224.05
2016-03-09,1883.0,4180.86
2016-03-10,1884.63,4176.37
2016-03-11,1876.54,4174.73
2016-03-14,1865.31,4165.48
2016-03-15,1855.06,4157.64
2016-03-16,1871.2,4179.82
2016-03-17,1890.79,4243.42
2016-03-18,1914.02,4315.36
2016-03-21,1904.5,4273.97
2016-03-22,1903.47,4265.09
2016-03-23,1879.89,4207.42
2016-03-24,1866.67,4172.52
2016-03-25,1866.23,4174.78
2016-03-28,1849.31,4133.2
2016-03-29,1845.2,4105.62
2016-03-30,1868.1,4161.38
2016-03-31,1871.15,4167.68
2016-04-01,1856.77,4136.6
2016-04-04,1866.64,4141.62
2016-04-05,1857.09,4121.85
2016-04-06,1860.17,4147.98
2016-04-07,1858.85,4132.01
2016-04-08,1877.27,4196.88
2016-04-11,1906.9,4257.21
2016-04-12,1899.26,4244.51
2016-04-13,1932.8,4316.76
2016-04-14,1915.85,4260.34
2016-04-15,1907.78,4230.53
2016-04-18,1892.64,4206.73
2016-04-19,1930.14,4286.09
2016-04-20,1960.18,4356.08
2016-04-21,1950.08,4334.55
2016-04-22,1967.26,4363.32
2016-04-25,1955.47,4323.17
2016-04-26,1946.55,4277.49
2016-04-27,1934.77,4249.82
2016-04-28,1969.89,4317.0
2016-04-29,1953.05,4288.6
2016-05-04,1925.58,4214.36
2016-05-05,1906.48,4213.04
2016-05-06,1901.56,4165.42
2016-05-10,1885.34,4129.44
2016-05-11,1909.05,4196.99
2016-05-12,1901.9,4184.41
2016-05-13,1907.19,4182.25
2016-05-16,1915.33,4202.99
2016-05-17,1909.0,4201.13
2016-05-18,1917.24,4233.94
2016-05-19,1891.52,4192.54
2016-05-20,1891.33,4158.07
2016-05-23,1868.43,4130.96
2016-05-24,1884.12,4163.49
2016-05-25,1898.75,4196.04
2016-05-26,1914.31,4249.66
2016-05-27,1927.58,4273.95
2016-05-30,1935.54,4289.38
2016-05-31,1899.01,4243.13
2016-06-01,1893.18,4214.26
2016-06-02,1890.78,4216.81
2016-06-03,1886.84,4201.97
2016-06-06,1915.54,4278.82
2016-06-07,1951.26,4365.02
2016-06-08,1951.55,4363.94
2016-06-09,1934.92,4335.37
2016-06-10,1903.61,4283.23
2016-06-14,1885.92,4173.67
2016-06-15,1889.75,4201.08
2016-06-16,1869.78,4148.47
2016-06-17,1877.07,4187.58
2016-06-20,1902.7,4233.1
2016-06-21,1904.02,4230.07
2016-06-22,1896.7,4224.39
2016-06-23,1919.27,4294.01
2016-06-24,1884.41,4206.05
2016-06-27,1841.73,4106.7
2016-06-28,1857.23,4124.31
2016-06-29,1888.15,4196.67
2016-06-30,1891.09,4204.73
2016-07-01,1896.62,4217.68
2016-07-04,1907.48,4257.28
2016-07-05,1895.64,4220.02
2016-07-06,1879.42,4185.47
2016-07-07,1882.41,4203.35
2016-07-08,1894.35,4273.59
2016-07-11,1913.12,4328.87
2016-07-12,1938.36,4390.24
2016-07-13,1935.88,4379.77
2016-07-14,1942.46,4410.63
2016-07-15,1940.85,4346.4
2016-07-18,1936.07,4320.79
2016-07-19,1915.89,4266.7
2016-07-20,1915.09,4277.33
2016-07-21,1927.7,4302.09
2016-07-22,1926.9,4310.62
2016-07-25,1931.78,4315.32
2016-07-26,1938.52,4335.19
2016-07-27,1938.65,4303.48
2016-07-28,1954.45,4338.56
2016-07-29,1944.62,4320.17
2016-08-01,1947.36,4315.93
2016-08-02,1912.69,4245.17
2016-08-03,1919.15,4272.98
2016-08-04,1944.94,4333.54
2016-08-05,1944.31,4343.92
2016-08-08,1956.99,4383.04
2016-08-09,1956.42,4384.96
2016-08-10,1942.67,4360.75
2016-08-11,1952.18,4360.75
2016-08-12,1967.18,4414.93
2016-08-15,1977.28,4455.86
2016-08-16,1975.8,4428.5
2016-08-17,1969.19,4423.29
2016-08-18,1970.07,4433.63
2016-08-19,1959.72,4413.26
2016-08-22,1979.09,4451.36
2016-08-23,1989.51,4472.54
2016-08-24,1983.59,4443.45
2016-08-25,1985.56,4459.69
2016-08-26,1993.35,4480.72
2016-08-29,1986.72,4479.29
2016-08-30,1985.69,4475.89
2016-08-31,1971.59,4441.46
2016-09-01,1976.91,4458.69
2016-09-02,2003.77,4531.29
2016-09-05,2017.38,4575.06
2016-09-06,2039.53,4617.84
2016-09-07,2053.75,4656.97
2016-09-08,2050.77,4644.45
2016-09-09,2028.25,4608.48
2016-09-12,2019.9,4583.41
2016-09-13,2004.5,4542.95
2016-09-14,2004.48,4535.36
2016-09-15,1996.58,4520.45
2016-09-16,1981.96,4468.82
2016-09-19,1986.97,4510.47
2016-09-20,1991.78,4534.63
2016-09-21,1997.67,4546.79
2016-09-22,2025.3,4624.33
2016-09-23,2011.83,4585.42
2016-09-26,1997.94,4554.12
2016-09-27,1975.52,4499.11
2016-09-28,1980.68,4505.8
2016-09-29,1996.12,4539.69
2016-09-30,1978.0,4477.77
2016-10-03,1986.8,4505.32
2016-10-04,1985.02,4500.47
2016-10-05,1975.85,4466.93
2016-10-06,1983.88,4511.13
2016-10-07,1980.02,4508.95
2016-10-10,2001.1,4562.44
2016-10-11,2001.42,4552.12
2016-10-12,2001.42,4528.29
2016-10-13,1976.37,4491.53
2016-10-14,1966.39,4470.23
2016-10-17,1956.95,4461.68
2016-10-18,1969.11,4475.88
2016-10-19,1967.5,4467.0
2016-10-20,1957.09,4438.05
2016-10-21,1957.7,4436.1
2016-10-24,1962.79,4431.33
2016-10-25,1977.19,4474.85
2016-10-26,1974.81,4456.64
2016-10-27,1979.8,4456.54
2016-10-28,1981.76,4462.09
2016-10-31,1989.64,4465.6
2016-11-01,1996.87,4458.33
2016-11-02,1968.77,4406.0
2016-11-03,1962.71,4370.26
2016-11-07,1952.69,4322.4
2016-11-08,1967.93,4361.89
2016-11-09,2011.58,4431.59
2016-11-10,2044.03,4508.27
2016-11-11,2031.92,4507.93
2016-11-14,2021.99,4490.59
2016-11-15,2017.06,4490.59
2016-11-16,2028.92,4478.92
2016-11-17,2042.76,4495.06
2016-11-18,2038.29,4503.04
2016-11-21,2058.77,4531.59
2016-11-22,2066.18,4569.96
2016-11-23,2085.75,4602.45
2016-11-24,2102.97,4623.82
2016-11-25,2098.15,4601.14
2016-11-28,2094.65,4594.27
2016-11-29,2086.84,4570.72
2016-11-30,2104.91,4662.46
2016-12-01,2121.87,4670.63
2016-12-02,2128.99,4680.84
2016-12-05,2158.33,4751.12
2016-12-06,2152.35,4731.61
2016-12-07,2160.51,4722.7
2016-12-08,2207.02,4836.73
2016-12-09,2208.53,4843.74
2016-12-12,2226.89,4904.95
2016-12-13,2247.02,4968.83
2016-12-14,2229.05,4932.84
2016-12-15,2237.23,4942.68
2016-12-16,2231.41,4937.49
2016-12-19,2215.69,4896.43
2016-12-20,2226.36,4907.73
2016-12-21,2212.33,4877.11
2016-12-22,2174.64,4799.08
2016-12-23,2173.18,4780.58
2016-12-26,2177.86,4796.73
2016-12-27,2189.43,4818.14
2016-12-28,2182.98,4826.89
2016-12-29,2206.33,4880.99
2016-12-30,2232.72,4918.92
2017-01-03,2285.43,5072.44
2017-01-04,2263.9,5006.54
2017-01-05,2220.35,4909.64
2017-01-06,2213.93,4885.28
2017-01-09,2211.25,4880.69
2017-01-10,2237.49,4960.69
2017-01-11,2218.61,4982.16
2017-01-12,2212.0,4945.72
2017-01-13,2195.19,4909.97
2017-01-16,2189.07,4900.73
2017-01-17,2178.73,4854.9
2017-01-18,2170.09,4843.64
2017-01-19,2162.25,4829.71
2017-01-20,2159.96,4828.09
2017-01-23,2146.09,4818.72
2017-01-24,2174.59,4867.73
2017-01-25,2176.0,4860.54
2017-01-26,2229.2,4969.35
2017-01-27,2266.05,5043.62
2017-01-30,2234.14,4994.48
2017-01-31,2217.39,4972.47
2017-02-01,2231.68,4973.59
2017-02-02,2217.56,4963.76
2017-02-03,2226.61,4983.89
2017-02-06,2210.51,4961.98
2017-02-07,2218.77,4970.35
2017-02-08,2189.61,4913.61
2017-02-09,2173.98,4875.15
2017-02-10,2162.19,4834.7
2017-02-13,2161.49,4780.07
2017-02-14,2141.5,4712.95
2017-02-15,2137.08,4725.96
2017-02-16,2148.48,4779.07
2017-02-17,2128.21,4747.76
2017-02-20,2119.09,4698.04
2017-02-21,2127.72,4705.7
2017-02-22,2106.3,4665.85
2017-02-24,2093.09,4612.29
2017-02-27,2056.46,4506.09
2017-02-28,2035.77,4451.9
2017-03-01,2059.87,4544.01
2017-03-02,2049.0,4505.3
2017-03-03,2056.89,4492.98
2017-03-06,2047.42,4449.92
2017-03-07,2024.84,4389.94
2017-03-09,1974.24,4278.37
2017-03-10,1973.96,4276.54
2017-03-13,2000.14,4326.78
2017-03-14,2001.25,4316.74
2017-03-15,1992.59,4298.38
2017-03-16,2014.37,4341.27
2017-03-17,2036.96,4420.32
2017-03-20,2042.72,4433.96
2017-03-21,2048.07,4418.12
2017-03-22,2061.53,4427.7
2017-03-23,2051.04,4422.63
2017-03-24,2039.77,4422.11
2017-03-27,2013.16,4359.16
2017-03-28,2032.54,4411.77
2017-03-29,2023.71,4438.43
2017-03-30,2021.88,4436.34
2017-03-31,1995.9,4365.59
2017-04-03,2008.61,4413.33
2017-04-04,2025.69,4440.32
2017-04-05,2056.32,4494.47
2017-04-06,2054.69,4489.03
2017-04-07,2020.23,4384.17
2017-04-10,1971.23,4269.17
2017-04-11,1977.95,4292.08
2017-04-12,1947.88,4228.52
2017-04-13,1944.7,4224.48
2017-04-14,1916.29,4170.56
2017-04-17,1942.72,4252.54
2017-04-18,1920.29,4185.37
2017-04-19,1916.5,4193.92
2017-04-20,1932.17,4224.74
2017-04-21,1944.72,4247.02
2017-04-24,1979.57,4353.1
2017-04-25,1998.41,4403.62
2017-04-26,2026.92,4431.3
2017-04-27,2011.67,4386.88
2017-04-28,2016.71,4428.91
2017-05-02,2026.85,4436.17
2017-05-03,1993.66,4374.92
2017-05-04,1998.87,4357.27
2017-05-05,2002.41,4366.77
2017-05-10,2028.21,4416.27
2017-05-11,2002.54,4376.13
2017-05-12,1994.58,4349.29
2017-05-15,2003.12,4349.29
2017-05-16,1992.94,4299.63
2017-05-17,1994.35,4313.14
2017-05-18,1967.66,4253.92
2017-05-19,1962.4,4203.28
2017-05-22,1950.51,4167.31
2017-05-23,1960.16,4214.5
2017-05-24,1951.98,4205.89
2017-05-25,1947.26,4163.87
2017-05-26,1934.25,4143.28
2017-05-29,1940.77,4146.2
2017-05-30,1932.91,4135.26
2017-05-31,1900.38,4038.17
2017-06-01,1869.66,4025.64
2017-06-02,1881.87,4051.53
2017-06-05,1877.69,4051.21
2017-06-06,1870.04,4048.09
2017-06-07,1868.42,4049.03
2017-06-08,1874.21,4030.35
2017-06-09,1883.34,4069.52
2017-06-13,1861.27,4065.83
2017-06-14,1838.32,4005.81
2017-06-15,1817.82,3949.83
2017-06-16,1822.91,3974.07
2017-06-19,1849.78,4020.29
2017-06-20,1857.96,4023.53
2017-06-21,1850.81,4005.48
2017-06-22,1860.05,4030.5
2017-06-23,1867.46,4061.75
2017-06-26,1860.39,4045.43
2017-06-27,1878.94,4100.26
2017-06-28,1891.98,4132.62
2017-06-29,1881.04,4106.0
2017-06-30,1879.5,4099.36
2017-07-03,1902.59,4153.3
2017-07-04,1917.4,4153.3
2017-07-05,1921.38,4202.26
2017-07-06,1923.22,4211.75
2017-07-07,1912.48,4204.92
2017-07-10,1925.74,4251.44
2017-07-11,1937.64,4283.5
2017-07-12,1954.39,4321.85
2017-07-13,1959.91,4316.08
2017-07-14,1960.69,4305.58
2017-07-17,1959.11,4306.77
2017-07-18,1947.71,4268.39
2017-07-19,1951.89,4269.55
2017-07-20,1946.51,4226.15
2017-07-21,1925.13,4182.75
2017-07-24,1931.75,4189.13
2017-07-25,1923.73,4174.21
2017-07-26,1933.1,4192.17
2017-07-27,1945.12,4213.31
2017-07-28,1916.75,4161.86
2017-07-31,1919.53,4196.57
2017-08-01,1940.14,4237.71
2017-08-02,1965.48,4292.29
2017-08-03,1965.29,4286.24
2017-08-04,1953.49,4277.28
2017-08-07,1970.37,4309.04
2017-08-08,1989.61,4347.77
2017-08-09,1975.91,4336.24
2017-08-10,1960.23,4290.59
2017-08-11,1944.83,4241.79
2017-08-14,1951.75,4264.33
2017-08-15,1950.28,4255.84
2017-08-16,1942.88,4225.06
2017-08-17,1941.52,4216.64
2017-08-18,1930.71,4181.81
2017-08-21,1937.66,4180.37
2017-08-22,1947.4,4183.08
2017-08-23,1958.52,4208.13
2017-08-24,1973.5,4222.03
2017-08-25,1979.14,4236.76
2017-08-28,1987.15,4254.93
2017-08-29,1989.12,4262.97
2017-08-30,2008.88,4308.31
2017-08-31,2022.22,4341.12
2017-09-01,2010.98,4341.12
2017-09-04,2003.32,4309.48
2017-09-05,2004.02,4310.32
2017-09-06,2014.6,4328.02
2017-09-07,2010.17,4315.54
2017-09-08,2032.75,4345.43
2017-09-11,2044.13,4370.21
2017-09-12,2058.8,4396.83
2017-09-13,2054.19,4400.03
2017-09-14,2052.25,4400.57
2017-09-15,2053.81,4394.65
2017-09-18,2059.08,4407.11
2017-09-19,2048.99,4377.8
2017-09-20,2057.53,4382.82
2017-09-21,2060.24,4381.58
2017-09-22,2051.63,4360.44
2017-09-25,2069.11,4409.03
2017-09-26,2071.13,4416.46
2017-09-27,2081.12,4430.94
2017-09-28,2071.64,4400.04
2017-09-29,2077.19,4409.07
2017-10-02,2075.72,4408.93
2017-10-03,2076.81,4420.54
2017-10-04,2077.09,4420.5
2017-10-05,2088.32,4418.03
2017-10-06,2093.86,4435.95
2017-10-09,2096.29,4442.86
2017-10-10,2086.91,4415.0
2017-10-11,2101.07,4433.79
2017-10-12,2094.96,4417.02
2017-10-13,2098.77,4434.36
2017-10-16,2106.39,4455.9
2017-10-17,2092.57,4424.85
2017-10-18,2094.4,4431.18
2017-10-19,2072.73,4388.34
2017-10-20,2071.83,4373.23
2017-10-23,2063.81,4353.17
2017-10-24,2061.79,4348.76
2017-10-25,2049.48,4319.29
2017-10-26,2046.69,4308.7
2017-10-27,2068.76,4336.21
2017-10-30,2065.25,4338.0
2017-10-31,2064.31,4320.48
2017-11-01,2082.73,4318.3
2017-11-02,2073.04,4306.06
2017-11-03,2081.15,4326.42
2017-11-07,2155.55,4420.91
2017-11-08,2163.01,4459.11
2017-11-09,2183.61,4492.24
2017-11-10,2169.26,4453.27
2017-11-13,2167.63,4441.34
2017-11-14,2166.83,4389.06
2017-11-15,2131.75,4304.43
2017-11-16,2132.65,4306.67
2017-11-17,2131.91,4296.69
2017-11-20,2130.39,4299.24
2017-11-21,2155.82,4346.93
2017-11-22,2160.16,4344.77
2017-11-23,2148.56,4328.19
2017-11-24,2161.17,4346.68
2017-11-27,2145.87,4311.63
2017-11-28,2149.45,4305.86
2017-11-29,2124.08,4271.85
2017-11-30,2100.62,4185.24
2017-12-01,2105.99,4209.64
2017-12-04,2119.42,4212.83
2017-12-05,2113.69,4190.46
2017-12-06,2124.12,4196.87
2017-12-07,2103.15,4169.1
2017-12-08,2104.99,4174.12
2017-12-11,2148.6,4236.83
2017-12-12,2160.75,4269.69
2017-12-13,2131.94,4196.95
2017-12-14,2152.41,4257.39
2017-12-15,2143.99,4231.75
2017-12-18,2134.58,4211.69
2017-12-19,2118.16,4180.72
2017-12-20,2118.16,4148.98
2017-12-21,2093.38,4092.38
2017-12-22,2102.94,4120.97
2017-12-25,2105.06,4128.71
2017-12-26,2097.03,4116.39
2017-12-27,2106.17,4115.41
2017-12-28,2102.89,4105.5
2017-12-29,2109.74,4122.45
2018-01-03,2152.97,4216.86
2018-01-04,2197.6,4320.75
2018-01-05,2207.41,4338.3
2018-01-09,2225.39,4382.08
2018-01-10,2232.27,4412.31
2018-01-11,2246.45,4429.6
2018-01-12,2262.38,4437.29
2018-01-15,2261.53,4432.39
2018-01-16,2257.89,4384.33
2018-01-17,2277.89,4419.44
2018-01-18,2297.47,4448.57
2018-01-19,2286.33,4427.11
2018-01-22,2308.61,4453.93
2018-01-23,2298.95,4441.48
2018-01-24,2306.99,4460.1
2018-01-25,2320.03,4481.79
2018-01-26,2295.26,4388.55
2018-01-29,2284.27,4382.42
2018-01-30,2280.36,4379.73
2018-01-31,2289.99,4381.43
2018-02-01,2302.57,4403.95
2018-02-02,2281.84,4358.83
2018-02-05,2276.85,4371.24
2018-02-06,2238.24,4293.11
2018-02-07,2254.64,4310.01
2018-02-08,2227.24,4288.67
2018-02-09,2197.12,4254.42
2018-02-12,2220.12,4276.16
2018-02-13,2250.63,4313.24
2018-02-14,2257.95,4319.62
2018-02-15,2265.45,4322.83
2018-02-16,2255.27,4262.2
2018-02-19,2254.92,4265.67
2018-02-20,2270.12,4288.04
2018-02-21,2320.32,4386.14
2018-02-22,2336.82,4465.65
2018-02-26,2353.16,4520.57
2018-02-27,2341.89,4491.29
2018-02-28,2296.8,4426.37
2018-03-01,2297.9,4452.45
2018-03-02,2288.84,4436.88
2018-03-05,2309.53,4468.46
2018-03-06,2303.32,4462.81
2018-03-07,2291.23,4463.2
2018-03-09,2311.69,4516.75
2018-03-12,2318.01,4526.86
2018-03-13,2319.38,4539.83
2018-03-14,2275.24,4452.27
2018-03-15,2272.49,4463.49
2018-03-16,2294.6,4507.62
2018-03-19,2281.72,4484.53
2018-03-20,2291.18,4488.01
2018-03-21,2309.36,4520.18
2018-03-22,2285.76,4465.51
2018-03-23,2285.53,4464.43
2018-03-26,2240.85,4391.89
2018-03-27,2262.5,4414.64
2018-03-28,2249.23,4380.68
2018-03-29,2274.62,4413.43
2018-03-30,2270.98,4419.28
2018-04-02,2256.64,4401.88
2018-04-03,2263.85,4404.91
2018-04-04,2265.6,4411.11
2018-04-05,2296.25,4460.58
2018-04-06,2281.23,4448.18
2018-04-09,2090.88,4088.61
2018-04-10,2173.76,4179.74
2018-04-11,2192.15,4211.87
2018-04-12,2210.05,4290.73
2018-04-13,2175.16,4248.09
2018-04-16,2143.67,4206.85
2018-04-17,2191.19,4288.29
2018-04-18,2241.49,4385.46
2018-04-19,2230.55,4369.49
2018-04-20,2232.66,4368.97
2018-04-23,2250.99,4390.17
2018-04-24,2253.77,4396.09
2018-04-25,2253.5,4402.78
2018-04-26,2286.02,4459.92
2018-04-27,2301.49,4491.02
2018-04-28,2301.49,4491.02
2018-04-30,2307.02,4519.99
2018-05-02,2306.42,4533.01
2018-05-03,2274.07,4495.66
2018-05-04,2289.47,4502.44
2018-05-07,2297.12,4514.95
2018-05-08,2301.99,4491.01
2018-05-10,2312.92,4522.28
2018-05-11,2345.26,4556.53
2018-05-14,2357.62,4554.37
2018-05-15,2337.03,4530.13
2018-05-16,2338.39,4549.67
2018-05-17,2323.51,4528.46
2018-05-18,2326.94,4516.66
2018-05-21,2332.63,4532.03
2018-05-22,2326.87,4522.26
2018-05-23,2295.57,4473.12
2018-05-24,2294.01,4481.14
2018-05-25,2306.57,4485.72
2018-05-28,2311.28,4491.98
2018-05-29,2298.0,4449.19
2018-05-30,2297.6,4481.59
2018-05-31,2302.88,4453.5
2018-06-01,2295.34,4459.49
2018-06-04,2323.64,4479.42
2018-06-05,2318.23,4461.33
2018-06-06,2315.45,4446.42
2018-06-07,2316.07,4471.7
2018-06-08,2267.92,4390.01
2018-06-09,2267.92,4390.01
2018-06-11,2271.74,4388.36
2018-06-13,2270.73,4372.11
2018-06-14,2253.48,4347.56
2018-06-15,2237.53,4312.99
2018-06-18,2222.56,4323.82
2018-06-19,2221.42,4327.16
2018-06-20,2256.27,4386.08
2018-06-21,2245.94,4393.26
2018-06-22,2249.68,4422.43
2018-06-25,2236.65,4383.25
2018-06-26,2231.03,4370.72
2018-06-27,2253.6,4413.83
2018-06-28,2250.26,4418.98
2018-06-29,2295.95,4467.21
2018-07-02,2319.31,4503.03
2018-07-03,2301.65,4480.06
2018-07-04,2304.06,4484.13
2018-07-05,2346.86,4541.39
2018-07-06,2345.38,4562.42
2018-07-09,2373.17,4608.56
2018-07-10,2365.17,4593.92
2018-07-11,2336.15,4537.07
2018-07-12,2322.06,4493.69
2018-07-13,2346.43,4525.61
2018-07-16,2334.18,4486.48
2018-07-17,2310.92,4445.58
2018-07-18,2294.78,4383.85
2018-07-19,2269.45,4314.42
2018-07-20,2247.82,4290.7
2018-07-23,2261.25,4313.21
2018-07-24,2278.3,4339.99
2018-07-25,2282.84,4316.71
2018-07-26,2293.07,4329.53
2018-07-27,2292.72,4333.9
2018-07-30,2295.72,4343.07
2018-07-31,2321.11,4393.58
2018-08-01,2315.18,4374.88
2018-08-02,2295.15,4332.47
2018-08-03,2297.99,4323.71
2018-08-06,2299.88,4339.43
2018-08-07,2312.19,4366.6
2018-08-08,2293.01,4314.92
2018-08-09,2309.58,4338.09
2018-08-10,2275.05,4239.08
2018-08-13,2285.61,4264.1
2018-08-14,2282.88,4258.1
2018-08-15,2267.13,4223.44
2018-08-16,2261.09,4228.53
2018-08-17,2255.12,4221.24
2018-08-20,2255.12,4242.83
2018-08-21,2291.76,4278.94
2018-08-22,2297.06,4257.94
2018-08-23,2260.04,4181.08
2018-08-24,2279.76,4204.99
2018-08-27,2312.93,4252.77
2018-08-28,2316.28,4258.66
2018-08-29,2348.44,4291.89
2018-08-30,2330.92,4243.01
2018-08-31,2345.85,4269.51
2018-09-03,2346.08,4278.8
2018-09-04,2336.38,4253.62
2018-09-05,2321.33,4239.55
2018-09-06,2320.65,4211.3
2018-09-07,2321.82,4222.23
2018-09-10,2335.85,4223.49
2018-09-11,2335.19,4216.43
2018-09-12,2340.63,4265.07
2018-09-13,2357.32,4308.23
2018-09-14,2360.26,4327.44
2018-09-17,2373.75,4350.6
2018-09-18,2402.58,4387.5
2018-09-19,2404.42,4403.04
2018-09-20,2400.89,4400.61
2018-09-21,2426.8,4419.97
2018-09-24,2430.01,4468.4
2018-09-25,2444.22,4474.44
2018-09-26,2427.29,4448.35
2018-09-27,2474.57,4495.92
2018-09-28,2475.36,4480.19
2018-10-01,2472.22,4471.99
2018-10-02,2449.7,4434.51
2018-10-03,2493.91,4492.73
2018-10-04,2465.03,4430.22
2018-10-05,2450.9,4428.31
2018-10-08,2454.28,4414.32
2018-10-09,2443.83,4379.71
2018-10-10,2417.69,4315.76
2018-10-11,2366.47,4245.29
2018-10-12,2403.02,4280.0
2018-10-15,2389.05,4273.89
2018-10-16,2417.26,4308.56
2018-10-17,2411.42,4306.96
2018-10-18,2378.62,4256.45
2018-10-19,2344.79,4219.97
2018-10-22,2308.56,4148.19
2018-10-23,2305.58,4134.33
2018-10-24,2336.49,4195.83
2018-10-25,2331.59,4172.1
2018-10-26,2293.22,4077.08
2018-10-29,2317.06,4123.74
2018-10-30,2299.98,4132.32
2018-10-31,2352.71,4211.7
2018-11-01,2359.33,4220.79
2018-11-02,2377.95,4254.51
2018-11-06,2412.31,4334.13
2018-11-07,2445.34,4407.7
2018-11-08,2438.62,4395.59
2018-11-09,2403.47,4324.53
2018-11-12,2393.81,4329.63
2018-11-13,2374.94,4290.27
2018-11-14,2378.59,4289.04
2018-11-15,2381.45,4299.86
2018-11-16,2372.67,4270.36
2018-11-19,2373.78,4264.28
2018-11-20,2341.6,4197.77
2018-11-21,2357.97,4197.77
2018-11-22,2369.53,4248.91
2018-11-23,2342.97,4210.07
2018-11-26,2308.5,4149.71
2018-11-27,2338.71,4216.28
2018-11-28,2381.12,4272.38
2018-11-29,2398.56,4309.58
2018-11-30,2392.5,4267.61
2018-12-03,2441.19,4363.63
2018-12-04,2443.38,4350.98
2018-12-05,2445.55,4361.96
2018-12-06,2445.55,4311.59
2018-12-07,2431.29,4358.86
2018-12-10,2396.84,4293.99
2018-12-11,2394.26,4278.92
2018-12-12,2370.35,4249.92
2018-12-13,2378.5,4261.12
2018-12-14,2365.69,4235.59
2018-12-17,2359.13,4228.28
2018-12-18,2350.29,4218.68
2018-12-19,2358.58,4226.99
2018-12-20,2352.88,4205.34
2018-12-21,2347.17,4196.58
2018-12-24,2322.27,4142.32
2018-12-25,2290.86,4084.5
2018-12-26,2308.85,4116.93
2018-12-27,2327.81,4128.17
2018-12-28,2358.5,4157.53
2018-12-29,2369.33,4157.53
2019-01-03,2375.6,4206.96
2019-01-04,2406.5,4260.96
2019-01-08,2389.69,4247.23
2019-01-09,2414.13,4298.43
2019-01-10,2434.15,4340.59
2019-01-11,2444.45,4374.97
2019-01-14,2440.15,4369.28
2019-01-15,2439.55,4387.01
2019-01-16,2434.6,4391.36
2019-01-17,2447.64,4419.48
2019-01-18,2473.61,4482.97
2019-01-21,2468.25,4491.23
2019-01-22,2468.73,4482.8
2019-01-23,2491.49,4525.92
2019-01-24,2482.71,4496.11
2019-01-25,2498.23,4493.94
2019-01-28,2476.81,4446.8
2019-01-29,2498.35,4493.36
2019-01-30,2511.86,4511.15
2019-01-31,2521.1,4534.01
2019-02-01,2521.7,4538.41
2019-02-04,2523.52,4528.0
2019-02-05,2547.27,4557.95
2019-02-06,2539.73,4541.36
2019-02-07,2509.89,4481.32
2019-02-08,2502.82,4485.13
2019-02-11,2510.22,4502.72
2019-02-12,2533.32,4535.58
2019-02-13,2485.76,4446.87
2019-02-14,2460.82,4374.58
2019-02-15,2490.16,4428.52
2019-02-18,2472.41,4410.38
2019-02-19,2458.55,4380.66
2019-02-20,2487.82,4428.34
2019-02-21,2470.23,4387.33
2019-02-22,2488.63,4387.33
2019-02-25,2494.63,4431.27
2019-02-26,2494.02,4431.1
2019-02-27,2490.65,4422.56
2019-02-28,2485.27,4420.83
2019-03-01,2478.01,4427.02
2019-03-04,2473.79,4403.65
2019-03-05,2466.23,4383.08
2019-03-06,2494.04,4433.33
2019-03-07,2476.64,4419.04
2019-03-11,2465.94,4396.76
2019-03-12,2465.94,4408.68
2019-03-13,2470.61,4420.89
2019-03-14,2457.79,4398.87
2019-03-15,2476.73,4434.13
2019-03-18,2483.7,4445.98
2019-03-19,2493.28,4458.22
2019-03-20,2504.23,4477.11
2019-03-21,2507.81,4466.5
2019-03-22,2492.7,4430.44
2019-03-25,2497.59,4459.17
2019-03-26,2512.63,4482.14
2019-03-27,2487.48,4437.26
2019-03-28,2492.4,4430.95
2019-03-29,2497.1,4430.26
2019-04-01,2521.25,4496.63
2019-04-02,2527.77,4504.47
2019-04-03,2532.32,4519.56
2019-04-04,2535.5,4536.09
2019-04-05,2540.99,4546.9
2019-04-08,2560.07,4574.67
2019-04-09,2570.28,4584.61
2019-04-10,2578.58,4620.02
2019-04-11,2551.45,4569.1
2019-04-12,2559.72,4579.9
2019-04-15,2545.12,4558.21
2019-04-16,2559.84,4571.82
2019-04-17,2568.26,4592.42
2019-04-18,2560.8,4577.41
2019-04-19,2563.9,4577.88
2019-04-22,2584.74,4609.68
2019-04-23,2587.48,4619.49
2019-04-24,2579.05,4606.02
2019-04-25,2560.94,4554.74
2019-04-26,2563.72,4532.48
2019-04-29,2569.83,4562.68
2019-04-30,2559.32,4542.11
2019-05-02,2575.22,4542.11
2019-05-03,2580.95,4585.01
2019-05-06,2579.75,4591.67
2019-05-07,2565.1,4574.1
2019-05-08,2544.43,4560.25
2019-05-10,2514.87,4503.98
2019-05-13,2508.87,4474.54
2019-05-14,2562.33,4551.41
2019-05-15,2554.49,4533.13
2019-05-16,2581.11,4549.71
2019-05-17,2577.48,4534.23
2019-05-20,2571.65,4508.18
2019-05-21,2616.53,4564.76
2019-05-22,2638.71,4584.76
2019-05-23,2618.61,4592.92
2019-05-24,2619.24,4591.73
2019-05-27,2632.95,4622.57
2019-05-28,2609.78,4581.7
2019-05-29,2641.15,4617.49
2019-05-30,2659.52,4634.65
2019-05-31,2665.33,4647.39
2019-06-03,2729.93,4760.59
2019-06-04,2706.29,4736.53
2019-06-05,2701.84,4743.31
2019-06-06,2728.25,4783.28
2019-06-07,2729.61,4789.88
2019-06-10,2742.59,4818.03
2019-06-11,2751.75,4790.19
2019-06-13,2758.36,4792.32
2019-06-14,2739.28,4746.31
2019-06-17,2734.31,4755.54
2019-06-18,2761.69,4796.1
2019-06-19,2759.12,4805.03
2019-06-20,2780.2,4826.37
2019-06-21,2761.23,4786.24
2019-06-24,2762.65,4788.04
2019-06-25,2753.96,4759.91
2019-06-26,2775.14,4809.92
2019-06-27,2779.66,4787.15
2019-06-28,2765.85,4763.4
2019-07-01,2801.47,4822.38
2019-07-02,2809.81,4831.36
2019-07-03,2823.95,4847.09
2019-07-04,2842.78,4906.54
2019-07-05,2835.35,4900.53
2019-07-08,2822.55,4920.06
2019-07-09,2822.66,4917.73
2019-07-10,2822.75,4921.72
2019-07-11,2789.66,4870.45
2019-07-12,2777.58,4835.4
2019-07-15,2756.44,4825.01
2019-07-16,2755.88,4803.17
2019-07-17,2713.17,4757.67
2019-07-18,2702.59,4749.53
2019-07-19,2700.57,4747.86
2019-07-22,2684.25,4726.55
2019-07-23,2701.06,4750.8
2019-07-24,2682.91,4720.81
2019-07-25,2701.02,4756.79
2019-07-26,2715.68,4757.62
2019-07-29,2728.27,4778.5
2019-07-30,2734.68,4794.98
2019-07-31,2739.5,4797.87
2019-08-01,2729.42,4755.32
2019-08-02,2674.9,4668.07
2019-08-05,2649.16,4631.07
2019-08-06,2683.35,4685.59
2019-08-07,2674.98,4658.35
2019-08-08,2696.69,4691.03
2019-08-09,2679.71,4651.59
2019-08-12,2689.93,4666.45
2019-08-13,2680.12,4646.92
2019-08-14,2637.04,4569.83
2019-08-15,2625.58,4551.31
2019-08-16,2615.2,4525.9
2019-08-19,2648.09,4576.54
2019-08-20,2672.84,4600.7
2019-08-21,2673.95,4608.21
2019-08-22,2675.13,4612.98
2019-08-23,2660.74,4591.29
2019-08-26,2658.24,4578.88
2019-08-27,2659.35,4585.89
2019-08-28,2677.31,4617.37
2019-08-29,2714.25,4665.93
2019-08-30,2740.04,4708.06
2019-09-02,2773.01,4755.6
2019-09-03,2774.2,4730.22
2019-09-04,2793.36,4800.23
2019-09-05,2807.06,4819.92
2019-09-06,2797.55,4807.37
2019-09-09,2786.63,4787.07
2019-09-10,2787.52,4805.23
2019-09-11,2817.05,4835.94
2019-09-12,2799.99,4821.61
2019-09-13,2791.74,4798.2
2019-09-16,2834.32,4872.04
2019-09-17,2820.86,4849.56
2019-09-18,2818.6,4859.98
2019-09-19,2794.77,4827.23
2019-09-20,2796.41,4822.34
2019-09-23,2785.46,4803.32
2019-09-24,2754.53,4753.72
2019-09-25,2760.29,4765.47
2019-09-26,2772.7,4789.42
2019-09-27,2757.98,4771.78
2019-09-30,2747.18,4783.55
2019-10-01,2758.83,4794.35
2019-10-02,2719.39,4725.74
2019-10-03,2707.47,4715.36
2019-10-04,2692.55,4673.24
2019-10-07,2719.22,4706.43
2019-10-08,2707.89,4675.69
2019-10-09,2713.02,4696.85
2019-10-10,2721.51,4705.79
2019-10-11,2708.07,4722.73
2019-10-14,2697.46,4692.01
2019-10-15,2715.26,4726.93
2019-10-16,2744.35,4788.47
2019-10-17,2748.64,4805.81
2019-10-18,2752.91,4824.99
2019-10-21,2761.15,4841.73
2019-10-22,2802.23,4887.82
2019-10-23,2821.58,4912.01
2019-10-24,2877.05,4966.47
2019-10-25,2873.41,4961.61
2019-10-28,2856.91,4935.79
2019-10-29,2886.48,4983.03
2019-10-30,2911.15,5037.54
2019-10-31,2893.98,4998.17
2019-11-01,2930.4,5061.91
2019-11-05,2949.55,5106.81
2019-11-06,2980.84,5147.86
2019-11-07,3008.54,5196.86
2019-11-08,2973.19,5169.35
2019-11-11,2961.46,5167.12
2019-11-12,2951.16,5153.24
2019-11-13,2933.89,5123.25
2019-11-14,2922.45,5116.44
2019-11-15,2934.82,5133.27
2019-11-18,2924.48,5072.67
2019-11-19,2941.69,5098.99
2019-11-20,2936.47,5105.48
2019-11-21,2942.6,5120.09
2019-11-22,2947.68,5135.2
2019-11-25,2955.32,5135.2
2019-11-26,2930.62,5102.65
2019-11-27,2929.05,5089.1
2019-11-28,2927.57,5084.91
2019-11-29,2935.37,5082.24
2019-12-02,2921.18,5062.11
2019-12-03,2883.48,4999.23
2019-12-04,2900.66,5034.6
2019-12-05,2899.29,5033.34
2019-12-06,2928.76,5115.79
2019-12-09,2945.03,5159.36
2019-12-10,2932.4,5148.11
2019-12-11,2954.4,5174.18
2019-12-12,2982.86,5206.72
2019-12-13,2996.63,5241.07
2019-12-16,3006.16,5252.49
2019-12-17,3013.29,5270.73
2019-12-18,3023.92,5281.85
2019-12-19,3008.39,5283.78
2019-12-20,3015.93,5315.95
2019-12-23,3033.81,5365.2
2019-12-24,3030.59,5355.31
2019-12-25,3030.84,5345.2
2019-12-26,3031.67,5340.02
2019-12-27,3050.47,5368.5
2019-12-30,3045.87,5344.45
2020-01-03,3076.37,5402.35
2020-01-06,3078.87,5409.86
2020-01-08,3110.06,5434.65
2020-01-09,3118.08,5476.25
2020-01-10,3123.66,5503.05
2020-01-13,3151.69,5552.87
2020-01-14,3129.77,5500.72
2020-01-15,3132.63,5502.96
2020-01-16,3157.23,5544.23
2020-01-17,3196.88,5626.17
2020-01-20,3219.92,5641.61
2020-01-21,3209.22,5634.74
2020-01-22,3174.62,5564.51
2020-01-23,3141.2,5493.58
2020-01-24,3146.2,5491.78
2020-01-27,3085.16,5371.41
2020-01-28,3113.1,5419.68
2020-01-29,3128.8,5451.5
2020-01-30,3108.58,5390.14
2020-01-31,3076.65,5334.88
2020-02-03,3070.84,5302.5
2020-02-04,3097.6,5390.64
2020-02-05,3114.25,5421.81
2020-02-06,3096.68,5414.0
2020-02-07,3087.63,5404.55
2020-02-10,3062.41,5355.22
2020-02-11,3097.58,5415.9
2020-02-12,3122.27,5458.83
2020-02-13,3110.05,5427.8
2020-02-14,3096.88,5402.54
2020-02-17,3096.88,5422.31
2020-02-18,3074.05,5330.03
2020-02-19,3114.57,5404.16
2020-02-20,3125.1,5432.9
2020-02-21,3106.03,5391.63
2020-02-25,3002.68,5200.04
2020-02-26,3017.42,5210.21
2020-02-27,2915.84,5011.28
2020-02-28,2785.08,4800.82
2020-03-02,2765.77,4768.6
2020-03-03,2821.37,4845.37
2020-03-04,2828.01,4865.93
2020-03-05,2816.7,4843.88
2020-03-06,2719.51,4725.36
2020-03-10,2498.94,4392.44
2020-03-11,2492.88,4367.8
2020-03-12,2286.4,4031.34
2020-03-13,2316.38,4014.09
2020-03-16,2266.9,3897.53
2020-03-17,2224.74,3870.16
2020-03-18,2112.64,3650.67
2020-03-19,2275.7,3923.15
2020-03-20,2331.61,4015.44
2020-03-23,2253.35,3940.52
2020-03-24,2415.97,4205.82
2020-03-25,2452.69,4288.19
2020-03-26,2489.97,4374.03
2020-03-27,2401.11,4183.61
2020-03-30,2433.35,4228.49
2020-03-31,2508.81,4390.62
2020-04-01,2508.81,4367.98
2020-04-02,2545.95,4470.87
2020-04-03,2572.23,4507.07
2020-04-06,2622.59,4594.95
2020-04-07,2634.74,4617.97
2020-04-08,2670.12,4665.38
2020-04-09,2701.77,4750.38
2020-04-10,2677.86,4696.88
2020-04-13,2628.85,4594.75
2020-04-14,2631.83,4585.07
2020-04-15,2631.83,4338.74
2020-04-16,2515.05,4356.21
2020-04-17,2534.97,4417.06
2020-04-20,2525.97,4368.44
2020-04-21,2488.02,4316.93
2020-04-22,2573.41,4473.29
2020-04-23,2599.41,4546.24
2020-04-24,2562.03,4450.15
2020-04-27,2570.91,4468.49
2020-04-28,2612.24,4547.72
2020-04-29,2663.14,4655.43
2020-04-30,2650.56,4638.25
2020-05-04,2624.64,4609.26
2020-05-05,2653.51,4661.62
2020-05-06,2632.1,4602.32
2020-05-07,2634.0,4635.92
2020-05-08,2641.55,4644.29
2020-05-12,2642.04,4660.95
2020-05-13,2604.98,4613.17
2020-05-14,2590.31,4602.03
2020-05-15,2593.91,4602.03
2020-05-18,2694.25,4801.26
2020-05-19,2711.72,4837.16
2020-05-20,2770.79,4918.38
2020-05-21,2718.67,4818.98
2020-05-22,2709.38,4811.72
2020-05-25,2757.93,4902.89
2020-05-26,2754.04,4920.4
2020-05-27,2741.02,4934.99
2020-05-28,2779.98,5002.42
2020-05-29,2734.83,4939.07
2020-06-01,2750.24,4993.47
2020-06-02,2796.51,5066.26
2020-06-03,2831.08,5122.43
2020-06-04,2766.26,5011.15
2020-06-05,2792.74,5073.52
2020-06-08,2796.3,5132.84
2020-06-09,2795.9,5116.07
2020-06-10,2785.18,5104.7
2020-06-11,2743.8,4987.58
2020-06-15,2719.06,4947.48
2020-06-16,2748.3,5024.5
2020-06-17,2740.1,4991.34
2020-06-18,2724.33,4928.35
2020-06-19,2758.67,4974.44
2020-06-22,2763.29,4970.73
2020-06-23,2791.97,5011.21
2020-06-25,2760.75,4933.68
2020-06-26,2761.74,4914.4
2020-06-29,2767.95,4920.1
2020-06-30,2743.2,4860.24
2020-07-02,2788.79,4944.18
2020-07-03,2801.66,4939.61
2020-07-06,2835.18,4979.54
2020-07-07,2825.21,4993.64
2020-07-08,2815.83,4969.55
2020-07-09,2782.43,4916.28
2020-07-10,2800.94,4959.88
2020-07-13,2766.79,4876.67
2020-07-14,2744.54,4830.83
2020-07-15,2747.91,4826.83
2020-07-16,2760.01,4848.99
2020-07-17,2774.79,4856.38
2020-07-20,2802.24,4913.85
2020-07-21,2825.71,4970.75
2020-07-22,2834.65,4958.58
2020-07-23,2851.79,4968.93
2020-07-24,2863.12,5005.21
2020-07-27,2884.88,5022.65
2020-07-28,2895.45,5003.84
2020-07-29,2918.42,5049.19
2020-07-30,2882.63,4968.28
2020-07-31,2911.57,4998.19
2020-08-03,2929.97,5060.73
2020-08-04,2940.46,5075.32
2020-08-05,2992.78,5138.27
2020-08-06,2988.5,5123.13
2020-08-07,2972.35,5068.45
2020-08-10,2960.78,5069.82
2020-08-11,3005.63,5190.14
2020-08-12,3053.99,5270.22
2020-08-13,3080.44,5322.09
2020-08-14,3061.99,5282.66
2020-08-17,3052.46,5243.62
2020-08-18,3050.7,5233.38
2020-08-19,3056.54,5232.07
2020-08-20,2993.69,5100.9
2020-08-21,2995.61,5103.45
2020-08-24,3029.42,5144.51
2020-08-25,3029.05,5114.11
2020-08-26,3051.97,5158.63
2020-08-27,3012.01,5096.61
2020-08-28,2980.17,5024.92
2020-08-31,2966.2,4947.67
2020-09-01,2975.0,4996.97
2020-09-02,2956.5,4960.6
2020-09-03,2931.92,4923.48
2020-09-04,2921.55,4898.6
2020-09-07,2932.29,4904.93
2020-09-08,2888.79,4850.69
2020-09-09,2876.07,4861.3
2020-09-10,2897.55,4895.45
2020-09-11,2910.51,4904.38
2020-09-14,2928.38,4936.17
2020-09-15,2980.58,5031.64
2020-09-16,2975.01,5021.43
2020-09-17,2971.74,5009.22
2020-09-18,2951.79,4970.6
2020-09-21,2863.67,4797.3
2020-09-22,2884.66,4804.79
2020-09-23,2916.39,4859.79
2020-09-24,2912.76,4849.18
2020-09-25,2896.83,4811.71
2020-09-28,2927.17,4864.16
2020-09-29,2910.12,4842.92
2020-09-30,2905.81,4831.01
2020-10-01,2889.8,4789.63
2020-10-02,2852.42,4721.14
2020-10-05,2881.98,4768.53
2020-10-06,2892.99,4792.34
2020-10-07,2842.58,4694.17
2020-10-08,2846.39,4698.1
2020-10-09,2834.09,4670.87
2020-10-12,2846.14,4662.73
2020-10-13,2829.23,4628.46
2020-10-14,2856.08,4669.67
2020-10-15,2817.29,4608.57
2020-10-16,2799.54,4581.6
2020-10-19,2794.27,4558.76
2020-10-20,2803.06,4590.69
2020-10-21,2786.23,4559.74
2020-10-22,2803.17,4600.04
2020-10-23,2803.17,4626.76
2020-10-26,2785.59,4551.9
2020-10-27,2763.03,4515.26
2020-10-28,2693.46,4369.48
2020-10-29,2709.04,4396.04
2020-10-30,2690.59,4386.5
2020-11-02,2737.54,4450.98
2020-11-03,2786.42,4554.7
2020-11-05,2861.39,4690.07
2020-11-06,2895.62,4736.69
2020-11-09,2987.75,4906.77
2020-11-10,2998.61,4948.49
2020-11-11,3015.03,4982.74
2020-11-12,3025.83,5001.63
2020-11-13,3025.22,5000.57
2020-11-16,3079.74,5085.87
2020-11-17,3052.22,5037.8
2020-11-18,3080.68,5101.14
2020-11-19,3046.49,5035.14
2020-11-20,3051.04,5073.69
2020-11-23,3047.06,5074.35
2020-11-24,3095.84,5172.1
2020-11-25,3134.52,5230.36
2020-11-26,3138.62,5228.4
2020-11-27,3142.68,5219.74
2020-11-30,3107.58,5161.77
2020-12-01,3147.79,5197.67
2020-12-02,3189.61,5270.66
2020-12-03,3162.67,5226.58
2020-12-04,3184.72,5276.97
2020-12-07,3195.08,5273.62
2020-12-08,3179.61,5236.51
2020-12-09,3211.66,5267.02
2020-12-10,3258.31,5360.61
2020-12-11,3276.58,5373.9
2020-12-14,3254.83,5335.81
2020-12-15,3248.11,5336.71
2020-12-16,3269.95,5362.67
2020-12-17,3282.67,5391.01
2020-12-18,3273.75,5369.72
2020-12-21,3186.38,5232.76
2020-12-22,3236.46,5286.95
2020-12-23,3252.1,5316.22
2020-12-24,3236.88,5288.29
2020-12-25,3246.35,5295.23
2020-12-28,3258.95,5316.14
2020-12-29,3274.67,5356.16
2020-12-30,3289.02,5376.78
2021-01-04,3350.51,5520.24
2021-01-05,3359.15,5525.9
2021-01-06,3371.03,5545.92
2021-01-08,3454.82,5624.34
2021-01-11,3482.48,5665.26
2021-01-12,3471.65,5641.11
2021-01-13,3470.26,5642.56
2021-01-14,3490.85,5637.69
2021-01-15,3450.95,5549.63
2021-01-18,3471.92,5575.26
2021-01-19,3443.23,5533.84
2021-01-20,3466.8,5592.92
2021-01-21,3422.67,5533.75
2021-01-22,3382.92,5456.96
2021-01-25,3397.48,5467.66
2021-01-26,3390.76,5445.22
2021-01-27,3343.62,5368.67
2021-01-28,3342.01,5371.72
2021-01-29,3277.08,5264.73
2021-02-01,3291.14,5317.63
2021-02-02,3360.25,5404.4
2021-02-03,3343.46,5363.89
2021-02-04,3372.0,5405.52
2021-02-05,3392.73,5435.77
2021-02-08,3445.9,5509.28
2021-02-09,3426.86,5466.89
2021-02-10,3399.66,5422.8
2021-02-11,3414.32,5443.76
2021-02-12,3427.08,5460.98
2021-02-15,3481.9,5555.26
2021-02-16,3495.26,5558.88
2021-02-17,3436.8,5452.39
2021-02-18,3400.17,5385.05
2021-02-19,3457.68,5486.2
2021-02-20,3457.68,5486.2
2021-02-22,3433.93,5435.74
2021-02-24,3385.48,5393.07
2021-02-25,3409.76,5393.42
2021-02-26,3346.64,5291.79
2021-03-01,3386.16,5362.29
2021-03-02,3410.1,5400.69
2021-03-03,3416.04,5403.74
2021-03-04,3397.56,5362.38
2021-03-05,3414.13,5384.43
2021-03-09,3478.72,5522.92
2021-03-10,3463.06,5494.18
2021-03-11,3508.51,5561.34
2021-03-12,3539.5,5587.89
2021-03-15,3584.49,5651.26
2021-03-16,3589.83,5648.66
2021-03-17,3507.91,5537.5
2021-03-18,3504.85,5519.68
2021-03-19,3475.26,5481.72
2021-03-22,3489.07,5499.89
2021-03-23,3467.21,5467.93
2021-03-24,3485.33,5481.17
2021-03-25,3439.3,5400.85
2021-03-26,3489.83,5498.81
2021-03-29,3529.33,5570.49
2021-03-30,3525.23,5548.87
2021-03-31,3541.72,5594.99
2021-04-01,3527.54,5587.43
2021-04-02,3558.22,5623.74
2021-04-05,3524.93,5580.01
2021-04-06,3493.89,5529.48
2021-04-07,3500.34,5549.11
2021-04-08,3507.83,5578.05
2021-04-09,3486.03,5557.01
2021-04-12,3522.65,5622.7
2021-04-13,3526.3,5625.92
2021-04-14,3576.89,5722.0
2021-04-15,3568.51,5714.74
2021-04-16,3598.44,5761.94
2021-04-19,3574.08,5722.82
2021-04-20,3552.41,5680.72
2021-04-21,3561.72,5687.24
2021-04-22,3600.35,5748.82
2021-04-23,3597.17,5742.63
2021-04-26,3610.98,5767.18
2021-04-27,3600.6,5696.16
2021-04-28,3578.12,5648.54
2021-04-29,3571.05,5630.6
2021-04-30,3544.0,5574.17
2021-05-04,3577.21,5610.05
2021-05-05,3643.56,5716.71
2021-05-06,3658.27,5713.27
2021-05-07,3682.69,5742.18
2021-05-10,3694.78,5743.21
2021-05-11,3652.05,5676.02
2021-05-12,3654.14,5708.11
2021-05-13,3637.38,5662.41
2021-05-14,3637.6,5672.6
2021-05-17,3639.61,5681.57
2021-05-18,3687.96,5751.29
2021-05-19,3634.76,5662.47
2021-05-20,3636.16,5677.23
2021-05-21,3660.48,5711.59
2021-05-24,3662.51,5717.08
2021-05-25,3686.76,5719.62
2021-05-26,3711.05,5742.74
2021-05-27,3738.68,5729.9
2021-05-28,3730.55,5730.93
2021-05-31,3721.63,5708.31
2021-06-01,3764.59,5792.01
2021-06-02,3817.68,5884.84
2021-06-03,3805.45,5864.99
2021-06-04,3807.43,5848.53
2021-06-07,3822.21,5864.55
2021-06-08,3822.21,5833.8
2021-06-09,3843.28,5891.14
2021-06-10,3827.71,5867.55
2021-06-11,3841.53,5888.73
